﻿1,이산구조론,자바프로그래밍Ⅰ,,,,
2,자바프로그래밍Ⅱ,선형대수,,,,
3,웹프로그래밍,자료구조,C프로그래밍,파이썬과학프로그래밍기초,소프트웨어개론,데이터사이언스기초
4,컴퓨터구조,C++프로그래밍,데이터통신,알고리즘,데이터베이스기초,오픈소스SW의이해
5,운영체제,프로그래밍어론,윈도우프로그래밍,데이터마이닝,데이터베이스시스템,웹서버구축
6,소프트웨어공학,시스템프로그래밍,클라우드컴퓨팅,디지털통신,네트워크보안,
7,소프트웨어캡스톤디자인,통신네트워크시스템,,,,
8,,,,,,